PROBE_ID,SYMBOL,SEARCH_KEY,ILMN_GENE,CHROMOSOME,DEFINITION,SYNONYMS,TargetID,ProbeID,SPECIES,SOURCE,TRANSCRIPT,SOURCE_REFERENCE_ID,REFSEQ_ID,UNIGENE_ID,ENTREZ_GENE_ID,GI,ACCESSION,PROTEIN_PRODUCT,ARRAY_ADDRESS_ID,PROBE_TYPE,PROBE_START,PROBE_SEQUENCE,PROBE_CHR_ORIENTATION,PROBE_COORDINATES,CYTOBAND,ONTOLOGY_COMPONENT,ONTOLOGY_PROCESS,ONTOLOGY_FUNCTION,OBSOLETE_PROBE_ID
ILMN_1762337,7A5,NM_182762.2,7A5,7,"Homo sapiens putative binding protein 7a5 (7A5), mRNA.",,7A5,6450255,Homo sapiens,RefSeq,ILMN_183371,NM_182762.2,NM_182762.2,,346389,47271497,NM_182762.2,NP_877439.2,6450255,S,2725,GTGTTACAAGACCTTCAGTCAGCTTTGGACAGAATGAAAAACCCTGTGAC,-,20147187-20147236,7p15.3e,,,,
ILMN_2055271,A1BG,NM_130786.2,A1BG,19,"Homo sapiens alpha-1-B glycoprotein (A1BG), mRNA.",A1B; GAB; HYST2477; ABG; DKFZp686F0970,A1BG,2570615,Homo sapiens,RefSeq,ILMN_175569,NM_130786.2,NM_130786.2,,1,21071029,NM_130786.2,NP_570602.2,2570615,S,3151,GGGATTACAGGGGTGAGCCACCACGCCCAGCCCCAGCTTAGTTTTTTAAA,-,63548541-63548590,19q13.43c,The space external to the outermost structure of a cell. For cells without external protective or external encapsulating structures this refers to space outside of the plasma membrane. This term covers the host cell environment outside an intracellular parasite [goid 5576] [pmid 3458201] [evidence IDA],"Any process specifically pertinent to the functioning of integrated living units: cells, tissues, organs, and organisms. A process is a collection of molecular events with a defined beginning and end [goid 8150] [evidence ND ]","Elemental activities, such as catalysis or binding, describing the actions of a gene product at the molecular level. A given gene product may exhibit one or more molecular functions [goid 3674] [evidence ND ]",A1B; GAB; HYST2477; ABG; DKFZp686F0970
ILMN_1736007,A1BG,NM_130786.2,A1BG,19,"Homo sapiens alpha-1-B glycoprotein (A1BG), mRNA.",A1B; GAB; HYST2477; ABG; DKFZp686F0970,A1BG,6370619,Homo sapiens,RefSeq,ILMN_18893,NM_130786.2,NM_130786.2,,1,21071029,NM_130786.2,NP_570602.2,6370619,S,2512,GCAGAGCTGGACGCTGTGGAAATGGCTGGATTCCTCTGTGTTCTTTCCCA,-,63549180-63549229,19q13.43c,The space external to the outermost structure of a cell. For cells without external protective or external encapsulating structures this refers to space outside of the plasma membrane. This term covers the host cell environment outside an intracellular parasite [goid 5576] [pmid 3458201] [evidence IDA],"Any process specifically pertinent to the functioning of integrated living units: cells, tissues, organs, and organisms. A process is a collection of molecular events with a defined beginning and end [goid 8150] [evidence ND ]","Elemental activities, such as catalysis or binding, describing the actions of a gene product at the molecular level. A given gene product may exhibit one or more molecular functions [goid 3674] [evidence ND ]",A1B; GAB; HYST2477; ABG; DKFZp686F0970
ILMN_2383229,A1CF,NM_138932.1,A1CF,10,"Homo sapiens APOBEC1 complementation factor (A1CF), transcript variant 2, mRNA.",ASP; MGC163391; APOBEC1CF; ACF65; ACF64; ACF; RP11-564C4.2,A1CF,2600039,Homo sapiens,RefSeq,ILMN_18532,NM_138932.1,NM_138932.1,,29974,20357574,NM_138932.1,NP_620310.1,2600039,A,1826,TGCTGTCCCTAATGCAACTGCACCCGTGTCTGCAGCCCAGCTCAAGCAAG,-,52566586-52566635,10q11.23c,"A membrane-bounded organelle of eukaryotic cells in which chromosomes are housed and replicated. In most cells, the nucleus contains all of the cell's chromosomes except the organellar chromosomes, and is the site of RNA synthesis and processing. In some species, or in specialized cell types, RNA metabolism or DNA replication may be absent [goid 5634] [evidence IEA]; All of the contents of a cell excluding the plasma membrane and nucleus, but including other subcellular structures [goid 5737] [pmid 12881431] [evidence IDA]; The irregular network of unit membranes, visible only by electron microscopy, that occurs in the cytoplasm of many eukaryotic cells. The membranes form a complex meshwork of tubular channels, which are often expanded into slitlike cavities called cisternae. The ER takes two forms, rough (or granular), with ribosomes adhering to the outer surface, and smooth (with no ribosomes attached) [goid 5783] [evidence IEA]; Protein complex that mediates editing of the mRNA encoding apolipoprotein B; catalyzes the deamination of C to U (residue 6666 in the human mRNA). Contains a catalytic subunit, APOBEC-1, and other proteins (e.g. human ASP; rat ASP and KSRP) [goid 30895] [pmid 10781591] [evidence IDA]",Any process involved in the conversion of a primary mRNA transcript into one or more mature mRNA(s) prior to translation into polypeptide [goid 6397] [evidence IEA]; Any process involved in maintaining the structure and integrity of a protein and preventing it from degradation or aggregation [goid 50821] [pmid 12881431] [evidence IDA],"Interacting selectively with a nucleotide, any compound consisting of a nucleoside that is esterified with (ortho)phosphate or an oligophosphate at any hydroxyl group on the ribose or deoxyribose moiety [goid 166] [evidence IEA]; Interacting selectively with double-stranded RNA [goid 3725] [pmid 11871661] [evidence IDA]; Interacting selectively with single-stranded RNA [goid 3727] [pmid 11871661] [evidence IDA]; Interacting selectively with any protein or protein complex (a complex of two or more proteins that may include other nonprotein molecules) [goid 5515] [pmid 12896982] [evidence IPI]; Interacting selectively with any protein or protein complex (a complex of two or more proteins that may include other nonprotein molecules) [goid 5515] [pmid 10669759] [evidence IPI]",ASP; APOBEC1CF; ACF65; ACF64; RP11-564C4.2; MGC163391; ACF
ILMN_1806310,A1CF,NM_138933.1,A1CF,10,"Homo sapiens APOBEC1 complementation factor (A1CF), transcript variant 1, mRNA.",ASP; APOBEC1CF; ACF65; ACF64; RP11-564C4.2; MGC163391; ACF,A1CF,2650615,Homo sapiens,RefSeq,ILMN_7300,NM_014576.2,NM_014576.2,,29974,20357571,NM_014576.2,NP_055391.2,2650615,A,1893,GAGGTCTACCCAACTTTTGCAGTGACTGCCCGAGGGGATGGATATGGCAC,-,52566495-52566544,10q11.23c,"A membrane-bounded organelle of eukaryotic cells in which chromosomes are housed and replicated. In most cells, the nucleus contains all of the cell's chromosomes except the organellar chromosomes, and is the site of RNA synthesis and processing. In some species, or in specialized cell types, RNA metabolism or DNA replication may be absent [goid 5634] [evidence IEA]; All of the contents of a cell excluding the plasma membrane and nucleus, but including other subcellular structures [goid 5737] [pmid 12881431] [evidence IDA]; The irregular network of unit membranes, visible only by electron microscopy, that occurs in the cytoplasm of many eukaryotic cells. The membranes form a complex meshwork of tubular channels, which are often expanded into slitlike cavities called cisternae. The ER takes two forms, rough (or granular), with ribosomes adhering to the outer surface, and smooth (with no ribosomes attached) [goid 5783] [evidence IEA]; Protein complex that mediates editing of the mRNA encoding apolipoprotein B; catalyzes the deamination of C to U (residue 6666 in the human mRNA). Contains a catalytic subunit, APOBEC-1, and other proteins (e.g. human ASP; rat ASP and KSRP) [goid 30895] [pmid 10781591] [evidence IDA]",Any process involved in the conversion of a primary mRNA transcript into one or more mature mRNA(s) prior to translation into polypeptide [goid 6397] [evidence IEA]; Any process involved in maintaining the structure and integrity of a protein and preventing it from degradation or aggregation [goid 50821] [pmid 12881431] [evidence IDA],"Interacting selectively with a nucleotide, any compound consisting of a nucleoside that is esterified with (ortho)phosphate or an oligophosphate at any hydroxyl group on the ribose or deoxyribose moiety [goid 166] [evidence IEA]; Interacting selectively with double-stranded RNA [goid 3725] [pmid 11871661] [evidence IDA]; Interacting selectively with single-stranded RNA [goid 3727] [pmid 11871661] [evidence IDA]; Interacting selectively with any protein or protein complex (a complex of two or more proteins that may include other nonprotein molecules) [goid 5515] [pmid 12896982] [evidence IPI]; Interacting selectively with any protein or protein complex (a complex of two or more proteins that may include other nonprotein molecules) [goid 5515] [pmid 10669759] [evidence IPI]",ASP; APOBEC1CF; ACF65; ACF64; RP11-564C4.2; MGC163391; ACF
ILMN_1779670,A1CF,NM_138933.1,A1CF,10,"Homo sapiens APOBEC1 complementation factor (A1CF), transcript variant 3, mRNA.",ASP; ACF65; ACF64; RP11-564C4.2; MGC163391,A1CF,5340672,Homo sapiens,RefSeq,ILMN_165661,NM_138933.1,NM_138933.1,,29974,20357577,NM_138933.1,NP_620311.1,5340672,I,278,GGCACATGCCCAGAGCCAGAAGCGAGCATGAGCACAGCAATTCCTGGCCT,-,52610479-52610528,10q11.23c,"A membrane-bounded organelle of eukaryotic cells in which chromosomes are housed and replicated. In most cells, the nucleus contains all of the cell's chromosomes except the organellar chromosomes, and is the site of RNA synthesis and processing. In some species, or in specialized cell types, RNA metabolism or DNA replication may be absent [goid 5634] [evidence IEA]; All of the contents of a cell excluding the plasma membrane and nucleus, but including other subcellular structures [goid 5737] [pmid 12881431] [evidence IDA]; The irregular network of unit membranes, visible only by electron microscopy, that occurs in the cytoplasm of many eukaryotic cells. The membranes form a complex meshwork of tubular channels, which are often expanded into slitlike cavities called cisternae. The ER takes two forms, rough (or granular), with ribosomes adhering to the outer surface, and smooth (with no ribosomes attached) [goid 5783] [evidence IEA]; Protein complex that mediates editing of the mRNA encoding apolipoprotein B; catalyzes the deamination of C to U (residue 6666 in the human mRNA). Contains a catalytic subunit, APOBEC-1, and other proteins (e.g. human ASP; rat ASP and KSRP) [goid 30895] [pmid 10781591] [evidence IDA]",Any process involved in the conversion of a primary mRNA transcript into one or more mature mRNA(s) prior to translation into polypeptide [goid 6397] [evidence IEA]; Any process involved in maintaining the structure and integrity of a protein and preventing it from degradation or aggregation [goid 50821] [pmid 12881431] [evidence IDA],"Interacting selectively with a nucleotide, any compound consisting of a nucleoside that is esterified with (ortho)phosphate or an oligophosphate at any hydroxyl group on the ribose or deoxyribose moiety [goid 166] [evidence IEA]; Interacting selectively with double-stranded RNA [goid 3725] [pmid 11871661] [evidence IDA]; Interacting selectively with single-stranded RNA [goid 3727] [pmid 11871661] [evidence IDA]; Interacting selectively with any protein or protein complex (a complex of two or more proteins that may include other nonprotein molecules) [goid 5515] [pmid 12896982] [evidence IPI]; Interacting selectively with any protein or protein complex (a complex of two or more proteins that may include other nonprotein molecules) [goid 5515] [pmid 10669759] [evidence IPI]",ASP; APOBEC1CF; ACF65; ACF64; RP11-564C4.2; MGC163391; ACF
ILMN_1653355,A26C3,NM_001005356.1,A26C3,22,"Homo sapiens ANKRD26-like family C, member 3 (A26C3), mRNA.",ACTBL1; POTE22,A26C3,2000519,Homo sapiens,RefSeq,ILMN_21001,NM_001004053.2,NM_001004053.2,,23784,126090670,NM_001004053.2,NP_001004053.2,2000519,A,687,CTGCTCTACATCTGGCCTCTGCCAATGGAAATTCAGAAGTAGTAAAACTC,-,14662540-14662589,22q11.1c,,,,POTE-14; ACTBL1; POTE22; POTE14
ILMN_1717783,A26C3,NM_001004053.1,A26C3,22,"Homo sapiens ANKRD26-like family C, member 3 (A26C3), mRNA.",ACTBL1; POTE22,A26C3,3870044,Homo sapiens,RefSeq,ILMN_21001,NM_001004053.2,NM_001004053.2,,23784,126090670,NM_001004053.2,NP_001004053.2,3870044,S,1957,GTCATGCTAAGACTGGAACTAGACATAATGAAACATCAGAGCCAGCTAAG,-,14636561-14636610,22q11.1c,,,,POTE22
ILMN_1705025,A26C3,XM_942354.1,A26C3,22,"Homo sapiens ANKRD26-like family C, member 3 (A26C3), mRNA.",ACTBL1; POTE22,A26C3,7050209,Homo sapiens,RefSeq,ILMN_21001,NM_001004053.2,NM_001004053.2,,23784,126090670,NM_001004053.2,NP_001004053.2,7050209,A,701,GCCTCTGCCAATGGAAATTCAGAAGTAGTAAAACTCCTGCTGGACAGACG,-,14662526-14662575,22q11.1c,,,,
ILMN_1814316,A2BP1,NM_018723.2,A2BP1,16,"Homo sapiens ataxin 2-binding protein 1 (A2BP1), transcript variant 1, mRNA.",FOX1; HRNBP1,A2BP1,1580181,Homo sapiens,RefSeq,ILMN_9081,NM_145891.1,NM_145891.1,,54715,22538404,NM_145891.1,NP_665898.1,1580181,A,1303,CAGTGACAGTTACGGACGAGTTTATGCTGCCGACCCCTACCACCACGCAC,+,7666834-7666841:7699059-7699100,16p13.3a-p13.2c,,,,FOX1; HRNBP1
